method,filename,reference,prediction,cer,confidence
none,01_HighQuality_Enhanced.jpg,571012022000056,571012022000056,0.0,67.0
none,02_LowContrast.jpg,571012022000056,571012022000056,0.0,69.0
none,03_Blurred.jpg,571012022000056,571012022000056,0.0,41.0
none,04_HighNoise.jpg,571012022000056,571012022000056,0.0,76.0
none,05_LowResolution_Upsampled.jpg,571012022000056,571012022000056,0.0,85.0
none,06_Faded_Underexposed.jpg,571012022000056,571012022000056,0.0,70.0
none,07_ColorShift_WarmTint.jpg,571012022000056,571012022000056,0.0,63.0
none,08_JPEGCompression_Artifacts.jpg,571012022000056,571012022000056,0.0,79.0
none,09_CombinedDegradation.jpg,571012022000056,571012022000056,0.0,72.0
hist_eq,01_HighQuality_Enhanced.jpg,571012022000056,012022000056,0.2,69.0
hist_eq,02_LowContrast.jpg,571012022000056,6,0.9333,64.0
hist_eq,03_Blurred.jpg,571012022000056,I10006,0.6667,41.7
hist_eq,04_HighNoise.jpg,571012022000056,,1.0,0.0
hist_eq,05_LowResolution_Upsampled.jpg,571012022000056,,1.0,0.0
hist_eq,06_Faded_Underexposed.jpg,571012022000056,71012022000056,0.0667,0.0
hist_eq,07_ColorShift_WarmTint.jpg,571012022000056,00005,0.6667,55.0
hist_eq,08_JPEGCompression_Artifacts.jpg,571012022000056,57,0.8667,17.0
hist_eq,09_CombinedDegradation.jpg,571012022000056,,1.0,0.0
clahe,01_HighQuality_Enhanced.jpg,571012022000056,571012022000056,0.0,70.0
clahe,02_LowContrast.jpg,571012022000056,571012022000056,0.0,53.0
clahe,03_Blurred.jpg,571012022000056,571012022000056,0.0,81.0
clahe,04_HighNoise.jpg,571012022000056,571012022000056,0.0,70.0
clahe,05_LowResolution_Upsampled.jpg,571012022000056,571012022000056,0.0,51.0
clahe,06_Faded_Underexposed.jpg,571012022000056,571012022000056,0.0,73.0
clahe,07_ColorShift_WarmTint.jpg,571012022000056,571012022000056,0.0,62.0
clahe,08_JPEGCompression_Artifacts.jpg,571012022000056,571012022000056,0.0,76.0
clahe,09_CombinedDegradation.jpg,571012022000056,571012022000056,0.0,61.0
sharpen,01_HighQuality_Enhanced.jpg,571012022000056,571012022000056,0.0,78.0
sharpen,02_LowContrast.jpg,571012022000056,571012022000056,0.0,66.0
sharpen,03_Blurred.jpg,571012022000056,571012022000056,0.0,67.0
sharpen,04_HighNoise.jpg,571012022000056,571012022000056,0.0,75.0
sharpen,05_LowResolution_Upsampled.jpg,571012022000056,571012022000056,0.0,86.0
sharpen,06_Faded_Underexposed.jpg,571012022000056,571012022000056,0.0,72.0
sharpen,07_ColorShift_WarmTint.jpg,571012022000056,571012022000056,0.0,75.0
sharpen,08_JPEGCompression_Artifacts.jpg,571012022000056,571012022000056,0.0,76.0
sharpen,09_CombinedDegradation.jpg,571012022000056,571012022000056,0.0,61.0
denoise_clahe,01_HighQuality_Enhanced.jpg,571012022000056,571012022000056,0.0,72.0
denoise_clahe,02_LowContrast.jpg,571012022000056,571012022000056,0.0,76.0
denoise_clahe,03_Blurred.jpg,571012022000056,571012022000056,0.0,72.0
denoise_clahe,04_HighNoise.jpg,571012022000056,571012022000056,0.0,59.0
denoise_clahe,05_LowResolution_Upsampled.jpg,571012022000056,571012022000056,0.0,75.0
denoise_clahe,06_Faded_Underexposed.jpg,571012022000056,571012022000056,0.0,81.0
denoise_clahe,07_ColorShift_WarmTint.jpg,571012022000056,571012022000056,0.0,79.0
denoise_clahe,08_JPEGCompression_Artifacts.jpg,571012022000056,571012022000056,0.0,83.0
denoise_clahe,09_CombinedDegradation.jpg,571012022000056,571012022000056,0.0,82.0
